{
  "project_info": {
    "project_number": "947112594481",
    "project_id": "medkit-pharmacy-90149",
    "storage_bucket": "medkit-pharmacy-90149.appspot.com"
  },
  "client": [
    {
      "client_info": {
        "mobilesdk_app_id": "1:947112594481:android:aa122805c0cbc0bd505910",
        "android_client_info": {
          "package_name": "com.example.medkit"
        }
      },
      "oauth_client": [
        {
          "client_id": "947112594481-javqr5epqajn03hjced6grl37pcpj4of.apps.googleusercontent.com",
          "client_type": 1,
          "android_info": {
            "package_name": "com.example.medkit",
            "certificate_hash": "a9293a68d1134c63ed693ad7f4b2559fbb905f07"
          }
        },
        {
          "client_id": "947112594481-7ccit9e0o0en1rlepml3sgkj2g15muuf.apps.googleusercontent.com",
          "client_type": 3
        }
      ],
      "api_key": [
        {
          "current_key": "AIzaSyACr02f0qdzMfxcGbd6w7qYYiIsMirjjh8"
        }
      ],
      "services": {
        "appinvite_service": {
          "other_platform_oauth_client": [
            {
              "client_id": "947112594481-7ccit9e0o0en1rlepml3sgkj2g15muuf.apps.googleusercontent.com",
              "client_type": 3
            }
          ]
        }
      }
    }
  ],
  "configuration_version": "1"
}